lr,val_r2,val_rmse,epochs,final_loss
0.1,0.9008526953052124,72.31672592296616,1000,4863.6811062455345
0.01,0.9003404094826666,72.50331244842803,1000,4856.099837639285
0.001,0.5969666708703854,145.8037789958737,1000,18759.96439857752
0.0001,-9.000399668609324,726.2848380238605,1000,491184.21539186616
1e-05,-13.204397193822194,865.5849631350328,1000,699603.3627672122
